[
  {
    "country_name": "Afghanistan",
    "country_code": "AF",
    "currency_name": "Afghan Afghani",
    "currency_code": "AFN"
  },
  {
    "country_name": "Albania",
    "country_code": "AL",
    "currency_name": "Albanian Lek",
    "currency_code": "ALL"
  },
  {
    "country_name": "Algeria",
    "country_code": "DZ",
    "currency_name": "Algerian Dinar",
    "currency_code": "DZD"
  },
  {
    "country_name": "Andorra",
    "country_code": "AD",
    "currency_name": "Euro",
    "currency_code": "EUR"
  },
  {
    "country_name": "Angola",
    "country_code": "AO",
    "currency_name": "Angolan Kwanza",
    "currency_code": "AOA"
  },
  {
    "country_name": "Antigua and Barbuda",
    "country_code": "AG",
    "currency_name": "East Caribbean Dollar",
    "currency_code": "XCD"
  },
  {
    "country_name": "Argentina",
    "country_code": "AR",
    "currency_name": "Argentine Peso",
    "currency_code": "ARS"
  },
  {
    "country_name": "Armenia",
    "country_code": "AM",
    "currency_name": "Armenian Dram",
    "currency_code": "AMD"
  },
  {
    "country_name": "Australia",
    "country_code": "AU",
    "currency_name": "Australian Dollar",
    "currency_code": "AUD"
  },
  {
    "country_name": "Austria",
    "country_code": "AT",
    "currency_name": "Euro",
    "currency_code": "EUR"
  },
  {
    "country_name": "Azerbaijan",
    "country_code": "AZ",
    "currency_name": "Azerbaijani Manat",
    "currency_code": "AZN"
  },
  {
    "country_name": "Bahamas",
    "country_code": "BS",
    "currency_name": "Bahamian Dollar",
    "currency_code": "BSD"
  },
  {
    "country_name": "Bahrain",
    "country_code": "BH",
    "currency_name": "Bahraini Dinar",
    "currency_code": "BHD"
  },
  {
    "country_name": "Bangladesh",
    "country_code": "BD",
    "currency_name": "Bangladeshi Taka",
    "currency_code": "BDT"
  },
  {
    "country_name": "Barbados",
    "country_code": "BB",
    "currency_name": "Barbadian Dollar",
    "currency_code": "BBD"
  },
  {
    "country_name": "Belarus",
    "country_code": "BY",
    "currency_name": "Belarusian Ruble",
    "currency_code": "BYN"
  },
  {
    "country_name": "Belgium",
    "country_code": "BE",
    "currency_name": "Euro",
    "currency_code": "EUR"
  },
  {
    "country_name": "Belize",
    "country_code": "BZ",
    "currency_name": "Belize Dollar",
    "currency_code": "BZD"
  },
  {
    "country_name": "Benin",
    "country_code": "BJ",
    "currency_name": "CFA Franc BCEAO",
    "currency_code": "XOF"
  },
  {
    "country_name": "Bhutan",
    "country_code": "BT",
    "currency_name": "Ngultrum",
    "currency_code": "BTN"
  },
  {
    "country_name": "Bolivia",
    "country_code": "BO",
    "currency_name": "Boliviano",
    "currency_code": "BOB"
  },
  {
    "country_name": "Bosnia and Herzegovina",
    "country_code": "BA",
    "currency_name": "Convertible Mark",
    "currency_code": "BAM"
  },
  {
    "country_name": "Botswana",
    "country_code": "BW",
    "currency_name": "Botswana Pula",
    "currency_code": "BWP"
  },
  {
    "country_name": "Brazil",
    "country_code": "BR",
    "currency_name": "Brazilian Real",
    "currency_code": "BRL"
  },
  {
    "country_name": "Brunei",
    "country_code": "BN",
    "currency_name": "Brunei Dollar",
    "currency_code": "BND"
  },
  {
    "country_name": "Bulgaria",
    "country_code": "BG",
    "currency_name": "Bulgarian Lev",
    "currency_code": "BGN"
  },
  {
    "country_name": "Burkina Faso",
    "country_code": "BF",
    "currency_name": "CFA Franc BCEAO",
    "currency_code": "XOF"
  },
  {
    "country_name": "Burundi",
    "country_code": "BI",
    "currency_name": "Burundian Franc",
    "currency_code": "BIF"
  },
  {
    "country_name": "Cambodia",
    "country_code": "KH",
    "currency_name": "Riel",
    "currency_code": "KHR"
  },
  {
    "country_name": "Cameroon",
    "country_code": "CM",
    "currency_name": "CFA Franc BEAC",
    "currency_code": "XAF"
  },
  {
    "country_name": "Canada",
    "country_code": "CA",
    "currency_name": "Canadian Dollar",
    "currency_code": "CAD"
  },
  {
    "country_name": "Cape Verde",
    "country_code": "CV",
    "currency_name": "Cape Verdean Escudo",
    "currency_code": "CVE"
  },
  {
    "country_name": "Central African Republic",
    "country_code": "CF",
    "currency_name": "CFA Franc BEAC",
    "currency_code": "XAF"
  },
  {
    "country_name": "Chad",
    "country_code": "TD",
    "currency_name": "CFA Franc BEAC",
    "currency_code": "XAF"
  },
  {
    "country_name": "Chile",
    "country_code": "CL",
    "currency_name": "Chilean Peso",
    "currency_code": "CLP"
  },
  {
    "country_name": "China",
    "country_code": "CN",
    "currency_name": "Yuan Renminbi",
    "currency_code": "CNY"
  },
  {
    "country_name": "Colombia",
    "country_code": "CO",
    "currency_name": "Colombian Peso",
    "currency_code": "COP"
  },
  {
    "country_name": "Comoros",
    "country_code": "KM",
    "currency_name": "Comorian Franc",
    "currency_code": "KMF"
  },
  {
    "country_name": "Congo",
    "country_code": "CG",
    "currency_name": "CFA Franc BEAC",
    "currency_code": "XAF"
  },
  {
    "country_name": "Costa Rica",
    "country_code": "CR",
    "currency_name": "Costa Rican Col\u00f3n",
    "currency_code": "CRC"
  },
  {
    "country_name": "Croatia",
    "country_code": "HR",
    "currency_name": "Euro",
    "currency_code": "EUR"
  },
  {
    "country_name": "Cuba",
    "country_code": "CU",
    "currency_name": "Cuban Peso",
    "currency_code": "CUP"
  },
  {
    "country_name": "Cyprus",
    "country_code": "CY",
    "currency_name": "Euro",
    "currency_code": "EUR"
  },
  {
    "country_name": "Czech Republic",
    "country_code": "CZ",
    "currency_name": "Czech Koruna",
    "currency_code": "CZK"
  },
  {
    "country_name": "Denmark",
    "country_code": "DK",
    "currency_name": "Danish Krone",
    "currency_code": "DKK"
  },
  {
    "country_name": "Dominican Republic",
    "country_code": "DO",
    "currency_name": "Dominican Peso",
    "currency_code": "DOP"
  },
  {
    "country_name": "Ecuador",
    "country_code": "EC",
    "currency_name": "US Dollar",
    "currency_code": "USD"
  },
  {
    "country_name": "Egypt",
    "country_code": "EG",
    "currency_name": "Egyptian Pound",
    "currency_code": "EGP"
  },
  {
    "country_name": "El Salvador",
    "country_code": "SV",
    "currency_name": "US Dollar",
    "currency_code": "USD"
  },
  {
    "country_name": "Estonia",
    "country_code": "EE",
    "currency_name": "Euro",
    "currency_code": "EUR"
  },
  {
    "country_name": "Ethiopia",
    "country_code": "ET",
    "currency_name": "Ethiopian Birr",
    "currency_code": "ETB"
  },
  {
    "country_name": "Finland",
    "country_code": "FI",
    "currency_name": "Euro",
    "currency_code": "EUR"
  },
  {
    "country_name": "France",
    "country_code": "FR",
    "currency_name": "Euro",
    "currency_code": "EUR"
  },
  {
    "country_name": "Gabon",
    "country_code": "GA",
    "currency_name": "CFA Franc BEAC",
    "currency_code": "XAF"
  },
  {
    "country_name": "Gambia",
    "country_code": "GM",
    "currency_name": "Dalasi",
    "currency_code": "GMD"
  },
  {
    "country_name": "Georgia",
    "country_code": "GE",
    "currency_name": "Lari",
    "currency_code": "GEL"
  },
  {
    "country_name": "Germany",
    "country_code": "DE",
    "currency_name": "Euro",
    "currency_code": "EUR"
  },
  {
    "country_name": "Ghana",
    "country_code": "GH",
    "currency_name": "Ghana Cedi",
    "currency_code": "GHS"
  },
  {
    "country_name": "Greece",
    "country_code": "GR",
    "currency_name": "Euro",
    "currency_code": "EUR"
  },
  {
    "country_name": "Guatemala",
    "country_code": "GT",
    "currency_name": "Quetzal",
    "currency_code": "GTQ"
  },
  {
    "country_name": "Haiti",
    "country_code": "HT",
    "currency_name": "Gourde",
    "currency_code": "HTG"
  },
  {
    "country_name": "Honduras",
    "country_code": "HN",
    "currency_name": "Lempira",
    "currency_code": "HNL"
  },
  {
    "country_name": "Hungary",
    "country_code": "HU",
    "currency_name": "Forint",
    "currency_code": "HUF"
  },
  {
    "country_name": "Iceland",
    "country_code": "IS",
    "currency_name": "Icelandic Kr\u00f3na",
    "currency_code": "ISK"
  },
  {
    "country_name": "India",
    "country_code": "IN",
    "currency_name": "Indian Rupee",
    "currency_code": "INR"
  },
  {
    "country_name": "Indonesia",
    "country_code": "ID",
    "currency_name": "Indonesian Rupiah",
    "currency_code": "IDR"
  },
  {
    "country_name": "Iran",
    "country_code": "IR",
    "currency_name": "Iranian Rial",
    "currency_code": "IRR"
  },
  {
    "country_name": "Iraq",
    "country_code": "IQ",
    "currency_name": "Iraqi Dinar",
    "currency_code": "IQD"
  },
  {
    "country_name": "Ireland",
    "country_code": "IE",
    "currency_name": "Euro",
    "currency_code": "EUR"
  },
  {
    "country_name": "Israel",
    "country_code": "IL",
    "currency_name": "New Israeli Shekel",
    "currency_code": "ILS"
  },
  {
    "country_name": "Italy",
    "country_code": "IT",
    "currency_name": "Euro",
    "currency_code": "EUR"
  },
  {
    "country_name": "Jamaica",
    "country_code": "JM",
    "currency_name": "Jamaican Dollar",
    "currency_code": "JMD"
  },
  {
    "country_name": "Japan",
    "country_code": "JP",
    "currency_name": "Japanese Yen",
    "currency_code": "JPY"
  },
  {
    "country_name": "Jordan",
    "country_code": "JO",
    "currency_name": "Jordanian Dinar",
    "currency_code": "JOD"
  },
  {
    "country_name": "Kazakhstan",
    "country_code": "KZ",
    "currency_name": "Tenge",
    "currency_code": "KZT"
  },
  {
    "country_name": "Kenya",
    "country_code": "KE",
    "currency_name": "Kenyan Shilling",
    "currency_code": "KES"
  },
  {
    "country_name": "Kuwait",
    "country_code": "KW",
    "currency_name": "Kuwaiti Dinar",
    "currency_code": "KWD"
  },
  {
    "country_name": "Kyrgyzstan",
    "country_code": "KG",
    "currency_name": "Som",
    "currency_code": "KGS"
  },
  {
    "country_name": "Laos",
    "country_code": "LA",
    "currency_name": "Lao Kip",
    "currency_code": "LAK"
  },
  {
    "country_name": "Latvia",
    "country_code": "LV",
    "currency_name": "Euro",
    "currency_code": "EUR"
  },
  {
    "country_name": "Lebanon",
    "country_code": "LB",
    "currency_name": "Lebanese Pound",
    "currency_code": "LBP"
  },
  {
    "country_name": "Lithuania",
    "country_code": "LT",
    "currency_name": "Euro",
    "currency_code": "EUR"
  },
  {
    "country_name": "Luxembourg",
    "country_code": "LU",
    "currency_name": "Euro",
    "currency_code": "EUR"
  },
  {
    "country_name": "Malaysia",
    "country_code": "MY",
    "currency_name": "Malaysian Ringgit",
    "currency_code": "MYR"
  },
  {
    "country_name": "Maldives",
    "country_code": "MV",
    "currency_name": "Rufiyaa",
    "currency_code": "MVR"
  },
  {
    "country_name": "Mexico",
    "country_code": "MX",
    "currency_name": "Mexican Peso",
    "currency_code": "MXN"
  },
  {
    "country_name": "Mongolia",
    "country_code": "MN",
    "currency_name": "T\u00f6gr\u00f6g",
    "currency_code": "MNT"
  },
  {
    "country_name": "Morocco",
    "country_code": "MA",
    "currency_name": "Moroccan Dirham",
    "currency_code": "MAD"
  },
  {
    "country_name": "Myanmar",
    "country_code": "MM",
    "currency_name": "Kyat",
    "currency_code": "MMK"
  },
  {
    "country_name": "Nepal",
    "country_code": "NP",
    "currency_name": "Nepalese Rupee",
    "currency_code": "NPR"
  },
  {
    "country_name": "Netherlands",
    "country_code": "NL",
    "currency_name": "Euro",
    "currency_code": "EUR"
  },
  {
    "country_name": "New Zealand",
    "country_code": "NZ",
    "currency_name": "New Zealand Dollar",
    "currency_code": "NZD"
  },
  {
    "country_name": "Nigeria",
    "country_code": "NG",
    "currency_name": "Naira",
    "currency_code": "NGN"
  },
  {
    "country_name": "Norway",
    "country_code": "NO",
    "currency_name": "Norwegian Krone",
    "currency_code": "NOK"
  },
  {
    "country_name": "Oman",
    "country_code": "OM",
    "currency_name": "Omani Rial",
    "currency_code": "OMR"
  },
  {
    "country_name": "Pakistan",
    "country_code": "PK",
    "currency_name": "Pakistani Rupee",
    "currency_code": "PKR"
  },
  {
    "country_name": "Philippines",
    "country_code": "PH",
    "currency_name": "Philippine Peso",
    "currency_code": "PHP"
  },
  {
    "country_name": "Poland",
    "country_code": "PL",
    "currency_name": "Z\u0142oty",
    "currency_code": "PLN"
  },
  {
    "country_name": "Portugal",
    "country_code": "PT",
    "currency_name": "Euro",
    "currency_code": "EUR"
  },
  {
    "country_name": "Qatar",
    "country_code": "QA",
    "currency_name": "Qatari Riyal",
    "currency_code": "QAR"
  },
  {
    "country_name": "Romania",
    "country_code": "RO",
    "currency_name": "Romanian Leu",
    "currency_code": "RON"
  },
  {
    "country_name": "Russia",
    "country_code": "RU",
    "currency_name": "Russian Ruble",
    "currency_code": "RUB"
  },
  {
    "country_name": "Saudi Arabia",
    "country_code": "SA",
    "currency_name": "Saudi Riyal",
    "currency_code": "SAR"
  },
  {
    "country_name": "Singapore",
    "country_code": "SG",
    "currency_name": "Singapore Dollar",
    "currency_code": "SGD"
  },
  {
    "country_name": "South Africa",
    "country_code": "ZA",
    "currency_name": "Rand",
    "currency_code": "ZAR"
  },
  {
    "country_name": "South Korea",
    "country_code": "KR",
    "currency_name": "South Korean Won",
    "currency_code": "KRW"
  },
  {
    "country_name": "Spain",
    "country_code": "ES",
    "currency_name": "Euro",
    "currency_code": "EUR"
  },
  {
    "country_name": "Sri Lanka",
    "country_code": "LK",
    "currency_name": "Sri Lankan Rupee",
    "currency_code": "LKR"
  },
  {
    "country_name": "Sweden",
    "country_code": "SE",
    "currency_name": "Swedish Krona",
    "currency_code": "SEK"
  },
  {
    "country_name": "Switzerland",
    "country_code": "CH",
    "currency_name": "Swiss Franc",
    "currency_code": "CHF"
  },
  {
    "country_name": "Thailand",
    "country_code": "TH",
    "currency_name": "Baht",
    "currency_code": "THB"
  },
  {
    "country_name": "Turkey",
    "country_code": "TR",
    "currency_name": "Turkish Lira",
    "currency_code": "TRY"
  },
  {
    "country_name": "Ukraine",
    "country_code": "UA",
    "currency_name": "Hryvnia",
    "currency_code": "UAH"
  },
  {
    "country_name": "United Arab Emirates",
    "country_code": "AE",
    "currency_name": "UAE Dirham",
    "currency_code": "AED"
  },
  {
    "country_name": "United Kingdom",
    "country_code": "GB",
    "currency_name": "Pound Sterling",
    "currency_code": "GBP"
  },
  {
    "country_name": "United States of America",
    "country_code": "US",
    "currency_name": "US Dollar",
    "currency_code": "USD"
  },
  {
    "country_name": "Vietnam",
    "country_code": "VN",
    "currency_name": "Dong",
    "currency_code": "VND"
  },
  {
    "country_name": "Zimbabwe",
    "country_code": "ZW",
    "currency_name": "Zimbabwe Dollar",
    "currency_code": "ZWL"
  }
]